Datetime,Water Level (m)
2026-08-11 00:00:00,-0.16316041
2026-08-11 01:00:00,-0.28434086
2026-08-11 02:00:00,-0.08305991
2026-08-11 03:00:00,0.26592806
2026-08-11 04:00:00,0.6603133
2026-08-11 05:00:00,1.0695907
2026-08-11 06:00:00,1.3770416
2026-08-11 07:00:00,1.4778785
2026-08-11 08:00:00,1.3303535
2026-08-11 09:00:00,1.0329565
2026-08-11 10:00:00,0.75176364
2026-08-11 11:00:00,0.46066594
2026-08-11 12:00:00,0.18855977
2026-08-11 13:00:00,-0.04915735
2026-08-11 14:00:00,-0.1532762
2026-08-11 15:00:00,0.11965409
2026-08-11 16:00:00,0.48450655
2026-08-11 17:00:00,0.8578275
2026-08-11 18:00:00,1.1911068
2026-08-11 19:00:00,1.3546331
2026-08-11 20:00:00,1.1912341
2026-08-11 21:00:00,0.9087728
2026-08-11 22:00:00,0.6389991
2026-08-11 23:00:00,0.35588855
2026-08-12 00:00:00,0.08888596
2026-08-12 01:00:00,-0.15204723
2026-08-12 02:00:00,-0.29246223
2026-08-12 03:00:00,-0.048084833
2026-08-12 04:00:00,0.35950568
2026-08-12 05:00:00,0.8071766
2026-08-12 06:00:00,1.2610513
2026-08-12 07:00:00,1.5715138
2026-08-12 08:00:00,1.6214467
2026-08-12 09:00:00,1.3590081
2026-08-12 10:00:00,1.0660499
2026-08-12 11:00:00,0.7677278
2026-08-12 12:00:00,0.4614042
2026-08-12 13:00:00,0.17768991
2026-08-12 14:00:00,-0.075033374
2026-08-12 15:00:00,-0.17909935
2026-08-12 16:00:00,0.13751912
2026-08-12 17:00:00,0.5514735
2026-08-12 18:00:00,0.9688829
2026-08-12 19:00:00,1.3238283
2026-08-12 20:00:00,1.4482654
2026-08-12 21:00:00,1.2189131
2026-08-12 22:00:00,0.9300953
2026-08-12 23:00:00,0.6482727
2026-08-13 00:00:00,0.35600045
2026-08-13 01:00:00,0.08472386
2026-08-13 02:00:00,-0.15832968
2026-08-13 03:00:00,-0.25901857
2026-08-13 04:00:00,0.044702407
2026-08-13 05:00:00,0.4779447
2026-08-13 06:00:00,0.95105886
2026-08-13 07:00:00,1.4097606
2026-08-13 08:00:00,1.6897465
2026-08-13 09:00:00,1.6267747
2026-08-13 10:00:00,1.3205285
2026-08-13 11:00:00,1.0232651
2026-08-13 12:00:00,0.7130491
2026-08-13 13:00:00,0.40368167
2026-08-13 14:00:00,0.12282082
2026-08-13 15:00:00,-0.11062364
2026-08-13 16:00:00,-0.0757628
2026-08-13 17:00:00,0.30380127
2026-08-13 18:00:00,0.7262676
2026-08-13 19:00:00,1.1562753
2026-08-13 20:00:00,1.4816735
2026-08-13 21:00:00,1.5202242
2026-08-13 22:00:00,1.226972
2026-08-13 23:00:00,0.93522483
2026-08-14 00:00:00,0.642008
2026-08-14 01:00:00,0.34269133
2026-08-14 02:00:00,0.07112379
2026-08-14 03:00:00,-0.15928127
2026-08-14 04:00:00,-0.14969043
2026-08-14 05:00:00,0.23063357
2026-08-14 06:00:00,0.68051726
2026-08-14 07:00:00,1.1643277
2026-08-14 08:00:00,1.5825644
2026-08-14 09:00:00,1.7531205
2026-08-14 10:00:00,1.5504383
2026-08-14 11:00:00,1.2417939
2026-08-14 12:00:00,0.9366556
2026-08-14 13:00:00,0.6238331
2026-08-14 14:00:00,0.31710207
2026-08-14 15:00:00,0.045935333
2026-08-14 16:00:00,-0.13999486
2026-08-14 17:00:00,0.07405676
2026-08-14 18:00:00,0.48968983
2026-08-14 19:00:00,0.92417973
2026-08-14 20:00:00,1.3399833
2026-08-14 21:00:00,1.5823479
2026-08-14 22:00:00,1.4678665
2026-08-14 23:00:00,1.1550001
2026-08-15 00:00:00,0.8675289
2026-08-15 01:00:00,0.56907964
2026-08-15 02:00:00,0.2739606
2026-08-15 03:00:00,0.010802572
2026-08-15 04:00:00,-0.18376611
2026-08-15 05:00:00,-0.015198444
2026-08-15 06:00:00,0.39548331
2026-08-15 07:00:00,0.8481719
2026-08-15 08:00:00,1.3109568
2026-08-15 09:00:00,1.6414914
2026-08-15 10:00:00,1.6597849
2026-08-15 11:00:00,1.3589357
2026-08-15 12:00:00,1.0712894
2026-08-15 13:00:00,0.7635687
2026-08-15 14:00:00,0.4533657
2026-08-15 15:00:00,0.170031
2026-08-15 16:00:00,-0.07404569
2026-08-15 17:00:00,-0.109116524
2026-08-15 18:00:00,0.25572526
2026-08-15 19:00:00,0.6759632
2026-08-15 20:00:00,1.1102182
2026-08-15 21:00:00,1.4673064
2026-08-15 22:00:00,1.5763786
2026-08-15 23:00:00,1.3200969
2026-08-16 00:00:00,1.0327256
2026-08-16 01:00:00,0.74108315
2026-08-16 02:00:00,0.4427735
2026-08-16 03:00:00,0.16705772
2026-08-16 04:00:00,-0.072682455
2026-08-16 05:00:00,-0.13724865
2026-08-16 06:00:00,0.19603167
2026-08-16 07:00:00,0.6089153
2026-08-16 08:00:00,1.046497
2026-08-16 09:00:00,1.4403517
2026-08-16 10:00:00,1.6249379
2026-08-16 11:00:00,1.4431196
2026-08-16 12:00:00,1.1470394
2026-08-16 13:00:00,0.86054504
2026-08-16 14:00:00,0.5652413
2026-08-16 15:00:00,0.27485713
2026-08-16 16:00:00,0.017844645
2026-08-16 17:00:00,-0.15508772
2026-08-16 18:00:00,0.041923065
2026-08-16 19:00:00,0.43054458
2026-08-16 20:00:00,0.8374235
2026-08-16 21:00:00,1.2340381
2026-08-16 22:00:00,1.4873973
2026-08-16 23:00:00,1.4181943
2026-08-17 00:00:00,1.1235707
